Areaname,Area,Areatype,Stfips,Maparea,Stateabbrv,Periodyear,Periodtype,Period,Timeperiod,Adjusted,Laborforce,Emplab,Unemp,Unemprate,Clfprate,Emppopratio,Fullperiod,Sortperiod,Rank,Preliminary,prelim
United States,000000,00,00,0000000000,US,2018,01,00,2018,0,162075000,155761000,6314000,3.90,62.9,60.4,20180100,01201800,0,No,0
New Mexico,000000,01,35,3501000000,NM,2018,01,00,2018,0,947642,900803,46839,4.90,58.1,55.2,20180100,01201800,1,No,0
Bernalillo County,000001,04,35,3504000001,NM,2018,01,00,2018,0,331465,316532,14933,4.50,,,20180100,01201800,2,No,0
Catron County,000003,04,35,3504000003,NM,2018,01,00,2018,0,1125,1053,72,6.40,,,20180100,01201800,3,No,0
Chaves County,000005,04,35,3504000005,NM,2018,01,00,2018,0,27327,26000,1327,4.90,,,20180100,01201800,4,No,0
Cibola County,000006,04,35,3504000006,NM,2018,01,00,2018,0,8988,8428,560,6.20,,,20180100,01201800,5,No,0
Colfax County,000007,04,35,3504000007,NM,2018,01,00,2018,0,5536,5265,271,4.90,,,20180100,01201800,6,No,0
Curry County,000009,04,35,3504000009,NM,2018,01,00,2018,0,21746,20873,873,4.00,,,20180100,01201800,7,No,0
De Baca County,000011,04,35,3504000011,NM,2018,01,00,2018,0,770,736,34,4.40,,,20180100,01201800,8,No,0
Doña Ana County,000013,04,35,3504000013,NM,2018,01,00,2018,0,97154,91628,5526,5.70,,,20180100,01201800,9,No,0
Eddy County,000015,04,35,3504000015,NM,2018,01,00,2018,0,31766,30709,1057,3.30,,,20180100,01201800,10,No,0
Grant County,000017,04,35,3504000017,NM,2018,01,00,2018,0,12377,11779,598,4.80,,,20180100,01201800,11,No,0
Guadalupe County,000019,04,35,3504000019,NM,2018,01,00,2018,0,1632,1542,90,5.50,,,20180100,01201800,12,No,0
Harding County,000021,04,35,3504000021,NM,2018,01,00,2018,0,280,265,15,5.40,,,20180100,01201800,13,No,0
Hidalgo County,000023,04,35,3504000023,NM,2018,01,00,2018,0,2226,2142,84,3.80,,,20180100,01201800,14,No,0
Lea County,000025,04,35,3504000025,NM,2018,01,00,2018,0,30186,28936,1250,4.10,,,20180100,01201800,15,No,0
Lincoln County,000027,04,35,3504000027,NM,2018,01,00,2018,0,8775,8375,400,4.60,,,20180100,01201800,16,No,0
Los Alamos County,000028,04,35,3504000028,NM,2018,01,00,2018,0,9165,8853,312,3.40,,,20180100,01201800,17,No,0
Luna County,000029,04,35,3504000029,NM,2018,01,00,2018,0,10213,9004,1209,11.80,,,20180100,01201800,18,No,0
McKinley County,000031,04,35,3504000031,NM,2018,01,00,2018,0,23983,22281,1702,7.10,,,20180100,01201800,19,No,0
Mora County,000033,04,35,3504000033,NM,2018,01,00,2018,0,2291,2152,139,6.10,,,20180100,01201800,20,No,0
Otero County,000035,04,35,3504000035,NM,2018,01,00,2018,0,24846,23625,1221,4.90,,,20180100,01201800,21,No,0
Quay County,000037,04,35,3504000037,NM,2018,01,00,2018,0,3233,3078,155,4.80,,,20180100,01201800,22,No,0
Rio Arriba County,000039,04,35,3504000039,NM,2018,01,00,2018,0,16728,15858,870,5.20,,,20180100,01201800,23,No,0
Roosevelt County,000041,04,35,3504000041,NM,2018,01,00,2018,0,7876,7535,341,4.30,,,20180100,01201800,24,No,0
Sandoval County,000043,04,35,3504000043,NM,2018,01,00,2018,0,66038,62774,3264,4.90,,,20180100,01201800,25,No,0
San Juan County,000045,04,35,3504000045,NM,2018,01,00,2018,0,52605,49572,3033,5.80,,,20180100,01201800,26,No,0
San Miguel County,000047,04,35,3504000047,NM,2018,01,00,2018,0,10990,10339,651,5.90,,,20180100,01201800,27,No,0
Santa Fe County,000049,04,35,3504000049,NM,2018,01,00,2018,0,74640,71548,3092,4.10,,,20180100,01201800,28,No,0
Sierra County,000051,04,35,3504000051,NM,2018,01,00,2018,0,4119,3831,288,7.00,,,20180100,01201800,29,No,0
Socorro County,000053,04,35,3504000053,NM,2018,01,00,2018,0,6487,6145,342,5.30,,,20180100,01201800,30,No,0
Taos County,000055,04,35,3504000055,NM,2018,01,00,2018,0,15102,14120,982,6.50,,,20180100,01201800,31,No,0
Torrance County,000057,04,35,3504000057,NM,2018,01,00,2018,0,5648,5218,430,7.60,,,20180100,01201800,32,No,0
Union County,000059,04,35,3504000059,NM,2018,01,00,2018,0,1794,1735,59,3.30,,,20180100,01201800,33,No,0
Valencia County,000061,04,35,3504000061,NM,2018,01,00,2018,0,30536,28875,1661,5.40,,,20180100,01201800,34,No,0
Central Region,000005,15,35,3515000005,NM,2018,01,00,2018,0,433687,413399,20288,4.70,,,20180100,01201800,35,No,0
Southwestern Region,000010,15,35,3515000010,NM,2018,01,00,2018,0,133701,125582,8119,6.10,,,20180100,01201800,36,No,0
Northern Region,000015,15,35,3515000015,NM,2018,01,00,2018,0,220028,208416,11612,5.30,,,20180100,01201800,37,No,0
Eastern Region,000020,15,35,3515000020,NM,2018,01,00,2018,0,160231,153409,6822,4.30,,,20180100,01201800,38,No,0
Albuquerque MSA,010740,21,35,3521010740,NM,2018,01,00,2018,0,433687,413399,20288,4.70,,,20180100,01201800,39,No,0
Farmington MSA,022140,21,35,3521022140,NM,2018,01,00,2018,0,52605,49572,3033,5.80,,,20180100,01201800,40,No,0
Las Cruces MSA,029740,21,35,3521029740,NM,2018,01,00,2018,0,97154,91628,5526,5.70,,,20180100,01201800,41,No,0
Santa Fe MSA,042140,21,35,3521042140,NM,2018,01,00,2018,0,74640,71548,3092,4.10,,,20180100,01201800,42,No,0
United States,000000,00,00,0000000000,US,2018,03,01,"January, 2018",0,160037000,152848000,7189000,4.50,62.3,59.5,20180301,03201801,43,No,0
New Mexico,000000,01,35,3501000000,NM,2018,03,01,"January, 2018",0,936837,886346,50491,5.40,57.5,54.4,20180301,03201801,44,No,0
Bernalillo County,000001,04,35,3504000001,NM,2018,03,01,"January, 2018",0,328827,313155,15672,4.80,,,20180301,03201801,45,No,0
Catron County,000003,04,35,3504000003,NM,2018,03,01,"January, 2018",0,1154,1063,91,7.90,,,20180301,03201801,46,No,0
Chaves County,000005,04,35,3504000005,NM,2018,03,01,"January, 2018",0,27308,25862,1446,5.30,,,20180301,03201801,47,No,0
Cibola County,000006,04,35,3504000006,NM,2018,03,01,"January, 2018",0,8949,8354,595,6.60,,,20180301,03201801,48,No,0
Colfax County,000007,04,35,3504000007,NM,2018,03,01,"January, 2018",0,5460,5166,294,5.40,,,20180301,03201801,49,No,0
Curry County,000009,04,35,3504000009,NM,2018,03,01,"January, 2018",0,21778,20894,884,4.10,,,20180301,03201801,50,No,0
De Baca County,000011,04,35,3504000011,NM,2018,03,01,"January, 2018",0,814,780,34,4.20,,,20180301,03201801,51,No,0
Doña Ana County,000013,04,35,3504000013,NM,2018,03,01,"January, 2018",0,94995,88925,6070,6.40,,,20180301,03201801,52,No,0
Eddy County,000015,04,35,3504000015,NM,2018,03,01,"January, 2018",0,30369,29253,1116,3.70,,,20180301,03201801,53,No,0
Grant County,000017,04,35,3504000017,NM,2018,03,01,"January, 2018",0,12142,11492,650,5.40,,,20180301,03201801,54,No,0
Guadalupe County,000019,04,35,3504000019,NM,2018,03,01,"January, 2018",0,1598,1505,93,5.80,,,20180301,03201801,55,No,0
Harding County,000021,04,35,3504000021,NM,2018,03,01,"January, 2018",0,273,260,13,4.80,,,20180301,03201801,56,No,0
Hidalgo County,000023,04,35,3504000023,NM,2018,03,01,"January, 2018",0,2150,2044,106,4.90,,,20180301,03201801,57,No,0
Lea County,000025,04,35,3504000025,NM,2018,03,01,"January, 2018",0,28821,27477,1344,4.70,,,20180301,03201801,58,No,0
Lincoln County,000027,04,35,3504000027,NM,2018,03,01,"January, 2018",0,8491,8049,442,5.20,,,20180301,03201801,59,No,0
Los Alamos County,000028,04,35,3504000028,NM,2018,03,01,"January, 2018",0,8970,8660,310,3.50,,,20180301,03201801,60,No,0
Luna County,000029,04,35,3504000029,NM,2018,03,01,"January, 2018",0,10097,8410,1687,16.70,,,20180301,03201801,61,No,0
McKinley County,000031,04,35,3504000031,NM,2018,03,01,"January, 2018",0,24213,22374,1839,7.60,,,20180301,03201801,62,No,0
Mora County,000033,04,35,3504000033,NM,2018,03,01,"January, 2018",0,2182,2013,169,7.70,,,20180301,03201801,63,No,0
Otero County,000035,04,35,3504000035,NM,2018,03,01,"January, 2018",0,25019,23715,1304,5.20,,,20180301,03201801,64,No,0
Quay County,000037,04,35,3504000037,NM,2018,03,01,"January, 2018",0,3186,3034,152,4.80,,,20180301,03201801,65,No,0
Rio Arriba County,000039,04,35,3504000039,NM,2018,03,01,"January, 2018",0,16325,15366,959,5.90,,,20180301,03201801,66,No,0
Roosevelt County,000041,04,35,3504000041,NM,2018,03,01,"January, 2018",0,7948,7610,338,4.30,,,20180301,03201801,67,No,0
Sandoval County,000043,04,35,3504000043,NM,2018,03,01,"January, 2018",0,65508,62024,3484,5.30,,,20180301,03201801,68,No,0
San Juan County,000045,04,35,3504000045,NM,2018,03,01,"January, 2018",0,52899,49562,3337,6.30,,,20180301,03201801,69,No,0
San Miguel County,000047,04,35,3504000047,NM,2018,03,01,"January, 2018",0,10832,10118,714,6.60,,,20180301,03201801,70,No,0
Santa Fe County,000049,04,35,3504000049,NM,2018,03,01,"January, 2018",0,72870,69591,3279,4.50,,,20180301,03201801,71,No,0
Sierra County,000051,04,35,3504000051,NM,2018,03,01,"January, 2018",0,3894,3564,330,8.50,,,20180301,03201801,72,No,0
Socorro County,000053,04,35,3504000053,NM,2018,03,01,"January, 2018",0,6448,6091,357,5.50,,,20180301,03201801,73,No,0
Taos County,000055,04,35,3504000055,NM,2018,03,01,"January, 2018",0,15640,14564,1076,6.90,,,20180301,03201801,74,No,0
Torrance County,000057,04,35,3504000057,NM,2018,03,01,"January, 2018",0,5595,5077,518,9.30,,,20180301,03201801,75,No,0
Union County,000059,04,35,3504000059,NM,2018,03,01,"January, 2018",0,1831,1775,56,3.10,,,20180301,03201801,76,No,0
Valencia County,000061,04,35,3504000061,NM,2018,03,01,"January, 2018",0,30250,28520,1730,5.70,,,20180301,03201801,77,No,0
Central Region,000005,15,35,3515000005,NM,2018,03,01,"January, 2018",0,430180,408776,21404,5.00,,,20180301,03201801,78,No,0
Southwestern Region,000010,15,35,3515000010,NM,2018,03,01,"January, 2018",0,130880,121589,9291,7.10,,,20180301,03201801,79,No,0
Northern Region,000015,15,35,3515000015,NM,2018,03,01,"January, 2018",0,218340,205768,12572,5.80,,,20180301,03201801,80,No,0
Eastern Region,000020,15,35,3515000020,NM,2018,03,01,"January, 2018",0,157436,150214,7222,4.60,,,20180301,03201801,81,No,0
Albuquerque MSA,010740,21,35,3521010740,NM,2018,03,01,"January, 2018",0,430180,408776,21404,5.00,,,20180301,03201801,82,No,0
Farmington MSA,022140,21,35,3521022140,NM,2018,03,01,"January, 2018",0,52899,49562,3337,6.30,,,20180301,03201801,83,No,0
Las Cruces MSA,029740,21,35,3521029740,NM,2018,03,01,"January, 2018",0,94995,88925,6070,6.40,,,20180301,03201801,84,No,0
Santa Fe MSA,042140,21,35,3521042140,NM,2018,03,01,"January, 2018",0,72870,69591,3279,4.50,,,20180301,03201801,85,No,0
United States,000000,00,00,0000000000,US,2018,03,02,"February, 2018",0,161494000,154403000,7091000,4.40,62.9,60.1,20180302,03201802,86,No,0
New Mexico,000000,01,35,3501000000,NM,2018,03,02,"February, 2018",0,945936,896251,49685,5.30,58.1,55.0,20180302,03201802,87,No,0
Bernalillo County,000001,04,35,3504000001,NM,2018,03,02,"February, 2018",0,331417,316023,15394,4.60,,,20180302,03201802,88,No,0
Catron County,000003,04,35,3504000003,NM,2018,03,02,"February, 2018",0,1089,1011,78,7.20,,,20180302,03201802,89,No,0
Chaves County,000005,04,35,3504000005,NM,2018,03,02,"February, 2018",0,27523,26115,1408,5.10,,,20180302,03201802,90,No,0
Cibola County,000006,04,35,3504000006,NM,2018,03,02,"February, 2018",0,8985,8408,577,6.40,,,20180302,03201802,91,No,0
Colfax County,000007,04,35,3504000007,NM,2018,03,02,"February, 2018",0,5372,5091,281,5.20,,,20180302,03201802,92,No,0
Curry County,000009,04,35,3504000009,NM,2018,03,02,"February, 2018",0,21961,21111,850,3.90,,,20180302,03201802,93,No,0
De Baca County,000011,04,35,3504000011,NM,2018,03,02,"February, 2018",0,781,748,33,4.20,,,20180302,03201802,94,No,0
Doña Ana County,000013,04,35,3504000013,NM,2018,03,02,"February, 2018",0,97380,91201,6179,6.30,,,20180302,03201802,95,No,0
Eddy County,000015,04,35,3504000015,NM,2018,03,02,"February, 2018",0,31078,30004,1074,3.50,,,20180302,03201802,96,No,0
Grant County,000017,04,35,3504000017,NM,2018,03,02,"February, 2018",0,12313,11682,631,5.10,,,20180302,03201802,97,No,0
Guadalupe County,000019,04,35,3504000019,NM,2018,03,02,"February, 2018",0,1617,1525,92,5.70,,,20180302,03201802,98,No,0
Harding County,000021,04,35,3504000021,NM,2018,03,02,"February, 2018",0,273,259,14,5.10,,,20180302,03201802,99,No,0
Hidalgo County,000023,04,35,3504000023,NM,2018,03,02,"February, 2018",0,2169,2070,99,4.60,,,20180302,03201802,100,No,0
Lea County,000025,04,35,3504000025,NM,2018,03,02,"February, 2018",0,29375,28083,1292,4.40,,,20180302,03201802,101,No,0
Lincoln County,000027,04,35,3504000027,NM,2018,03,02,"February, 2018",0,8467,8043,424,5.00,,,20180302,03201802,102,No,0
Los Alamos County,000028,04,35,3504000028,NM,2018,03,02,"February, 2018",0,9064,8754,310,3.40,,,20180302,03201802,103,No,0
Luna County,000029,04,35,3504000029,NM,2018,03,02,"February, 2018",0,10207,8516,1691,16.60,,,20180302,03201802,104,No,0
McKinley County,000031,04,35,3504000031,NM,2018,03,02,"February, 2018",0,24239,22463,1776,7.30,,,20180302,03201802,105,No,0
Mora County,000033,04,35,3504000033,NM,2018,03,02,"February, 2018",0,2236,2064,172,7.70,,,20180302,03201802,106,No,0
Otero County,000035,04,35,3504000035,NM,2018,03,02,"February, 2018",0,24992,23735,1257,5.00,,,20180302,03201802,107,No,0
Quay County,000037,04,35,3504000037,NM,2018,03,02,"February, 2018",0,3224,3081,143,4.40,,,20180302,03201802,108,No,0
Rio Arriba County,000039,04,35,3504000039,NM,2018,03,02,"February, 2018",0,16480,15528,952,5.80,,,20180302,03201802,109,No,0
Roosevelt County,000041,04,35,3504000041,NM,2018,03,02,"February, 2018",0,8169,7840,329,4.00,,,20180302,03201802,110,No,0
Sandoval County,000043,04,35,3504000043,NM,2018,03,02,"February, 2018",0,66067,62628,3439,5.20,,,20180302,03201802,111,No,0
San Juan County,000045,04,35,3504000045,NM,2018,03,02,"February, 2018",0,53433,50236,3197,6.00,,,20180302,03201802,112,No,0
San Miguel County,000047,04,35,3504000047,NM,2018,03,02,"February, 2018",0,11102,10409,693,6.20,,,20180302,03201802,113,No,0
Santa Fe County,000049,04,35,3504000049,NM,2018,03,02,"February, 2018",0,73314,70028,3286,4.50,,,20180302,03201802,114,No,0
Sierra County,000051,04,35,3504000051,NM,2018,03,02,"February, 2018",0,3902,3566,336,8.60,,,20180302,03201802,115,No,0
Socorro County,000053,04,35,3504000053,NM,2018,03,02,"February, 2018",0,6542,6185,357,5.50,,,20180302,03201802,116,No,0
Taos County,000055,04,35,3504000055,NM,2018,03,02,"February, 2018",0,15317,14257,1060,6.90,,,20180302,03201802,117,No,0
Torrance County,000057,04,35,3504000057,NM,2018,03,02,"February, 2018",0,5614,5115,499,8.90,,,20180302,03201802,118,No,0
Union County,000059,04,35,3504000059,NM,2018,03,02,"February, 2018",0,1819,1766,53,2.90,,,20180302,03201802,119,No,0
Valencia County,000061,04,35,3504000061,NM,2018,03,02,"February, 2018",0,30416,28707,1709,5.60,,,20180302,03201802,120,No,0
Central Region,000005,15,35,3515000005,NM,2018,03,02,"February, 2018",0,433514,412473,21041,4.90,,,20180302,03201802,121,No,0
Southwestern Region,000010,15,35,3515000010,NM,2018,03,02,"February, 2018",0,133602,124231,9371,7.00,,,20180302,03201802,122,No,0
Northern Region,000015,15,35,3515000015,NM,2018,03,02,"February, 2018",0,219542,207238,12304,5.60,,,20180302,03201802,123,No,0
Eastern Region,000020,15,35,3515000020,NM,2018,03,02,"February, 2018",0,159279,152310,6969,4.40,,,20180302,03201802,124,No,0
Albuquerque MSA,010740,21,35,3521010740,NM,2018,03,02,"February, 2018",0,433514,412473,21041,4.90,,,20180302,03201802,125,No,0
Farmington MSA,022140,21,35,3521022140,NM,2018,03,02,"February, 2018",0,53433,50236,3197,6.00,,,20180302,03201802,126,No,0
Las Cruces MSA,029740,21,35,3521029740,NM,2018,03,02,"February, 2018",0,97380,91201,6179,6.30,,,20180302,03201802,127,No,0
Santa Fe MSA,042140,21,35,3521042140,NM,2018,03,02,"February, 2018",0,73314,70028,3286,4.50,,,20180302,03201802,128,No,0
United States,000000,00,00,0000000000,US,2018,03,03,"March, 2018",0,161548000,154877000,6671000,4.10,62.8,60.2,20180303,03201803,129,No,0
New Mexico,000000,01,35,3501000000,NM,2018,03,03,"March, 2018",0,939960,895684,44276,4.70,57.7,55.0,20180303,03201803,130,No,0
Bernalillo County,000001,04,35,3504000001,NM,2018,03,03,"March, 2018",0,329182,315470,13712,4.20,,,20180303,03201803,131,No,0
Catron County,000003,04,35,3504000003,NM,2018,03,03,"March, 2018",0,1079,1009,70,6.50,,,20180303,03201803,132,No,0
Chaves County,000005,04,35,3504000005,NM,2018,03,03,"March, 2018",0,27253,26030,1223,4.50,,,20180303,03201803,133,No,0
Cibola County,000006,04,35,3504000006,NM,2018,03,03,"March, 2018",0,8888,8372,516,5.80,,,20180303,03201803,134,No,0
Colfax County,000007,04,35,3504000007,NM,2018,03,03,"March, 2018",0,5324,5079,245,4.60,,,20180303,03201803,135,No,0
Curry County,000009,04,35,3504000009,NM,2018,03,03,"March, 2018",0,21776,21000,776,3.60,,,20180303,03201803,136,No,0
De Baca County,000011,04,35,3504000011,NM,2018,03,03,"March, 2018",0,779,747,32,4.10,,,20180303,03201803,137,No,0
Doña Ana County,000013,04,35,3504000013,NM,2018,03,03,"March, 2018",0,96768,91155,5613,5.80,,,20180303,03201803,138,No,0
Eddy County,000015,04,35,3504000015,NM,2018,03,03,"March, 2018",0,30897,29935,962,3.10,,,20180303,03201803,139,No,0
Grant County,000017,04,35,3504000017,NM,2018,03,03,"March, 2018",0,12333,11767,566,4.60,,,20180303,03201803,140,No,0
Guadalupe County,000019,04,35,3504000019,NM,2018,03,03,"March, 2018",0,1638,1557,81,4.90,,,20180303,03201803,141,No,0
Harding County,000021,04,35,3504000021,NM,2018,03,03,"March, 2018",0,274,261,13,4.70,,,20180303,03201803,142,No,0
Hidalgo County,000023,04,35,3504000023,NM,2018,03,03,"March, 2018",0,2150,2070,80,3.70,,,20180303,03201803,143,No,0
Lea County,000025,04,35,3504000025,NM,2018,03,03,"March, 2018",0,29314,28144,1170,4.00,,,20180303,03201803,144,No,0
Lincoln County,000027,04,35,3504000027,NM,2018,03,03,"March, 2018",0,8435,8066,369,4.40,,,20180303,03201803,145,No,0
Los Alamos County,000028,04,35,3504000028,NM,2018,03,03,"March, 2018",0,9034,8747,287,3.20,,,20180303,03201803,146,No,0
Luna County,000029,04,35,3504000029,NM,2018,03,03,"March, 2018",0,10148,8645,1503,14.80,,,20180303,03201803,147,No,0
McKinley County,000031,04,35,3504000031,NM,2018,03,03,"March, 2018",0,23987,22400,1587,6.60,,,20180303,03201803,148,No,0
Mora County,000033,04,35,3504000033,NM,2018,03,03,"March, 2018",0,2243,2093,150,6.70,,,20180303,03201803,149,No,0
Otero County,000035,04,35,3504000035,NM,2018,03,03,"March, 2018",0,24809,23706,1103,4.40,,,20180303,03201803,150,No,0
Quay County,000037,04,35,3504000037,NM,2018,03,03,"March, 2018",0,3210,3077,133,4.10,,,20180303,03201803,151,No,0
Rio Arriba County,000039,04,35,3504000039,NM,2018,03,03,"March, 2018",0,16413,15570,843,5.10,,,20180303,03201803,152,No,0
Roosevelt County,000041,04,35,3504000041,NM,2018,03,03,"March, 2018",0,8140,7847,293,3.60,,,20180303,03201803,153,No,0
Sandoval County,000043,04,35,3504000043,NM,2018,03,03,"March, 2018",0,65554,62502,3052,4.70,,,20180303,03201803,154,No,0
San Juan County,000045,04,35,3504000045,NM,2018,03,03,"March, 2018",0,53045,50207,2838,5.40,,,20180303,03201803,155,No,0
San Miguel County,000047,04,35,3504000047,NM,2018,03,03,"March, 2018",0,11008,10384,624,5.70,,,20180303,03201803,156,No,0
Santa Fe County,000049,04,35,3504000049,NM,2018,03,03,"March, 2018",0,73054,70190,2864,3.90,,,20180303,03201803,157,No,0
Sierra County,000051,04,35,3504000051,NM,2018,03,03,"March, 2018",0,3882,3566,316,8.10,,,20180303,03201803,158,No,0
Socorro County,000053,04,35,3504000053,NM,2018,03,03,"March, 2018",0,6513,6201,312,4.80,,,20180303,03201803,159,No,0
Taos County,000055,04,35,3504000055,NM,2018,03,03,"March, 2018",0,15210,14279,931,6.10,,,20180303,03201803,160,No,0
Torrance County,000057,04,35,3504000057,NM,2018,03,03,"March, 2018",0,5576,5151,425,7.60,,,20180303,03201803,161,No,0
Union County,000059,04,35,3504000059,NM,2018,03,03,"March, 2018",0,1808,1761,47,2.60,,,20180303,03201803,162,No,0
Valencia County,000061,04,35,3504000061,NM,2018,03,03,"March, 2018",0,30236,28696,1540,5.10,,,20180303,03201803,163,No,0
Central Region,000005,15,35,3515000005,NM,2018,03,03,"March, 2018",0,430548,411819,18729,4.40,,,20180303,03201803,164,No,0
Southwestern Region,000010,15,35,3515000010,NM,2018,03,03,"March, 2018",0,132873,124413,8460,6.40,,,20180303,03201803,165,No,0
Northern Region,000015,15,35,3515000015,NM,2018,03,03,"March, 2018",0,218206,207321,10885,5.00,,,20180303,03201803,166,No,0
Eastern Region,000020,15,35,3515000020,NM,2018,03,03,"March, 2018",0,158333,152131,6202,3.90,,,20180303,03201803,167,No,0
Albuquerque MSA,010740,21,35,3521010740,NM,2018,03,03,"March, 2018",0,430548,411819,18729,4.40,,,20180303,03201803,168,No,0
Farmington MSA,022140,21,35,3521022140,NM,2018,03,03,"March, 2018",0,53045,50207,2838,5.40,,,20180303,03201803,169,No,0
Las Cruces MSA,029740,21,35,3521029740,NM,2018,03,03,"March, 2018",0,96768,91155,5613,5.80,,,20180303,03201803,170,No,0
Santa Fe MSA,042140,21,35,3521042140,NM,2018,03,03,"March, 2018",0,73054,70190,2864,3.90,,,20180303,03201803,171,No,0
United States,000000,00,00,0000000000,US,2018,03,04,"April, 2018",0,161280000,155348000,5932000,3.70,62.7,60.4,20180304,03201804,172,No,0
New Mexico,000000,01,35,3501000000,NM,2018,03,04,"April, 2018",0,942692,900799,41893,4.40,57.9,55.3,20180304,03201804,173,No,0
Bernalillo County,000001,04,35,3504000001,NM,2018,03,04,"April, 2018",0,330574,317486,13088,4.00,,,20180304,03201804,174,No,0
Catron County,000003,04,35,3504000003,NM,2018,03,04,"April, 2018",0,1118,1055,63,5.60,,,20180304,03201804,175,No,0
Chaves County,000005,04,35,3504000005,NM,2018,03,04,"April, 2018",0,27294,26160,1134,4.20,,,20180304,03201804,176,No,0
Cibola County,000006,04,35,3504000006,NM,2018,03,04,"April, 2018",0,8939,8461,478,5.30,,,20180304,03201804,177,No,0
Colfax County,000007,04,35,3504000007,NM,2018,03,04,"April, 2018",0,5108,4848,260,5.10,,,20180304,03201804,178,No,0
Curry County,000009,04,35,3504000009,NM,2018,03,04,"April, 2018",0,21790,21045,745,3.40,,,20180304,03201804,179,No,0
De Baca County,000011,04,35,3504000011,NM,2018,03,04,"April, 2018",0,769,739,30,3.90,,,20180304,03201804,180,No,0
Doña Ana County,000013,04,35,3504000013,NM,2018,03,04,"April, 2018",0,97069,91804,5265,5.40,,,20180304,03201804,181,No,0
Eddy County,000015,04,35,3504000015,NM,2018,03,04,"April, 2018",0,31277,30369,908,2.90,,,20180304,03201804,182,No,0
Grant County,000017,04,35,3504000017,NM,2018,03,04,"April, 2018",0,12618,12107,511,4.00,,,20180304,03201804,183,No,0
Guadalupe County,000019,04,35,3504000019,NM,2018,03,04,"April, 2018",0,1616,1538,78,4.80,,,20180304,03201804,184,No,0
Harding County,000021,04,35,3504000021,NM,2018,03,04,"April, 2018",0,269,255,14,5.20,,,20180304,03201804,185,No,0
Hidalgo County,000023,04,35,3504000023,NM,2018,03,04,"April, 2018",0,2234,2163,71,3.20,,,20180304,03201804,186,No,0
Lea County,000025,04,35,3504000025,NM,2018,03,04,"April, 2018",0,29736,28668,1068,3.60,,,20180304,03201804,187,No,0
Lincoln County,000027,04,35,3504000027,NM,2018,03,04,"April, 2018",0,8576,8257,319,3.70,,,20180304,03201804,188,No,0
Los Alamos County,000028,04,35,3504000028,NM,2018,03,04,"April, 2018",0,8991,8723,268,3.00,,,20180304,03201804,189,No,0
Luna County,000029,04,35,3504000029,NM,2018,03,04,"April, 2018",0,10068,8683,1385,13.80,,,20180304,03201804,190,No,0
McKinley County,000031,04,35,3504000031,NM,2018,03,04,"April, 2018",0,23960,22504,1456,6.10,,,20180304,03201804,191,No,0
Mora County,000033,04,35,3504000033,NM,2018,03,04,"April, 2018",0,2253,2123,130,5.80,,,20180304,03201804,192,No,0
Otero County,000035,04,35,3504000035,NM,2018,03,04,"April, 2018",0,24641,23607,1034,4.20,,,20180304,03201804,193,No,0
Quay County,000037,04,35,3504000037,NM,2018,03,04,"April, 2018",0,3193,3067,126,3.90,,,20180304,03201804,194,No,0
Rio Arriba County,000039,04,35,3504000039,NM,2018,03,04,"April, 2018",0,16596,15818,778,4.70,,,20180304,03201804,195,No,0
Roosevelt County,000041,04,35,3504000041,NM,2018,03,04,"April, 2018",0,7889,7616,273,3.50,,,20180304,03201804,196,No,0
Sandoval County,000043,04,35,3504000043,NM,2018,03,04,"April, 2018",0,65775,62907,2868,4.40,,,20180304,03201804,197,No,0
San Juan County,000045,04,35,3504000045,NM,2018,03,04,"April, 2018",0,52884,50202,2682,5.10,,,20180304,03201804,198,No,0
San Miguel County,000047,04,35,3504000047,NM,2018,03,04,"April, 2018",0,11137,10560,577,5.20,,,20180304,03201804,199,No,0
Santa Fe County,000049,04,35,3504000049,NM,2018,03,04,"April, 2018",0,73731,70981,2750,3.70,,,20180304,03201804,200,No,0
Sierra County,000051,04,35,3504000051,NM,2018,03,04,"April, 2018",0,3908,3597,311,8.00,,,20180304,03201804,201,No,0
Socorro County,000053,04,35,3504000053,NM,2018,03,04,"April, 2018",0,6484,6202,282,4.30,,,20180304,03201804,202,No,0
Taos County,000055,04,35,3504000055,NM,2018,03,04,"April, 2018",0,14394,13385,1009,7.00,,,20180304,03201804,203,No,0
Torrance County,000057,04,35,3504000057,NM,2018,03,04,"April, 2018",0,5575,5176,399,7.20,,,20180304,03201804,204,No,0
Union County,000059,04,35,3504000059,NM,2018,03,04,"April, 2018",0,1817,1771,46,2.50,,,20180304,03201804,205,No,0
Valencia County,000061,04,35,3504000061,NM,2018,03,04,"April, 2018",0,30409,28923,1486,4.90,,,20180304,03201804,206,No,0
Central Region,000005,15,35,3515000005,NM,2018,03,04,"April, 2018",0,432333,414492,17841,4.10,,,20180304,03201804,207,No,0
Southwestern Region,000010,15,35,3515000010,NM,2018,03,04,"April, 2018",0,133499,125611,7888,5.90,,,20180304,03201804,208,No,0
Northern Region,000015,15,35,3515000015,NM,2018,03,04,"April, 2018",0,217993,207605,10388,4.80,,,20180304,03201804,209,No,0
Eastern Region,000020,15,35,3515000020,NM,2018,03,04,"April, 2018",0,158867,153092,5775,3.60,,,20180304,03201804,210,No,0
Albuquerque MSA,010740,21,35,3521010740,NM,2018,03,04,"April, 2018",0,432333,414492,17841,4.10,,,20180304,03201804,211,No,0
Farmington MSA,022140,21,35,3521022140,NM,2018,03,04,"April, 2018",0,52884,50202,2682,5.10,,,20180304,03201804,212,No,0
Las Cruces MSA,029740,21,35,3521029740,NM,2018,03,04,"April, 2018",0,97069,91804,5265,5.40,,,20180304,03201804,213,No,0
Santa Fe MSA,042140,21,35,3521042140,NM,2018,03,04,"April, 2018",0,73731,70981,2750,3.70,,,20180304,03201804,214,No,0
United States,000000,00,00,0000000000,US,2018,03,05,"May, 2018",0,161765000,156009000,5756000,3.60,62.8,60.6,20180305,03201805,215,No,0
New Mexico,000000,01,35,3501000000,NM,2018,03,05,"May, 2018",0,941475,901509,39966,4.20,57.8,55.3,20180305,03201805,216,No,0
Bernalillo County,000001,04,35,3504000001,NM,2018,03,05,"May, 2018",0,328858,316205,12653,3.80,,,20180305,03201805,217,No,0
Catron County,000003,04,35,3504000003,NM,2018,03,05,"May, 2018",0,1115,1063,52,4.70,,,20180305,03201805,218,No,0
Chaves County,000005,04,35,3504000005,NM,2018,03,05,"May, 2018",0,27147,26037,1110,4.10,,,20180305,03201805,219,No,0
Cibola County,000006,04,35,3504000006,NM,2018,03,05,"May, 2018",0,8931,8466,465,5.20,,,20180305,03201805,220,No,0
Colfax County,000007,04,35,3504000007,NM,2018,03,05,"May, 2018",0,5323,5072,251,4.70,,,20180305,03201805,221,No,0
Curry County,000009,04,35,3504000009,NM,2018,03,05,"May, 2018",0,21713,20976,737,3.40,,,20180305,03201805,222,No,0
De Baca County,000011,04,35,3504000011,NM,2018,03,05,"May, 2018",0,747,719,28,3.70,,,20180305,03201805,223,No,0
Doña Ana County,000013,04,35,3504000013,NM,2018,03,05,"May, 2018",0,96770,91892,4878,5.00,,,20180305,03201805,224,No,0
Eddy County,000015,04,35,3504000015,NM,2018,03,05,"May, 2018",0,31275,30395,880,2.80,,,20180305,03201805,225,No,0
Grant County,000017,04,35,3504000017,NM,2018,03,05,"May, 2018",0,12546,12065,481,3.80,,,20180305,03201805,226,No,0
Guadalupe County,000019,04,35,3504000019,NM,2018,03,05,"May, 2018",0,1621,1546,75,4.60,,,20180305,03201805,227,No,0
Harding County,000021,04,35,3504000021,NM,2018,03,05,"May, 2018",0,278,262,16,5.80,,,20180305,03201805,228,No,0
Hidalgo County,000023,04,35,3504000023,NM,2018,03,05,"May, 2018",0,2346,2276,70,3.00,,,20180305,03201805,229,No,0
Lea County,000025,04,35,3504000025,NM,2018,03,05,"May, 2018",0,29722,28673,1049,3.50,,,20180305,03201805,230,No,0
Lincoln County,000027,04,35,3504000027,NM,2018,03,05,"May, 2018",0,8801,8496,305,3.50,,,20180305,03201805,231,No,0
Los Alamos County,000028,04,35,3504000028,NM,2018,03,05,"May, 2018",0,9036,8768,268,3.00,,,20180305,03201805,232,No,0
Luna County,000029,04,35,3504000029,NM,2018,03,05,"May, 2018",0,10157,9053,1104,10.90,,,20180305,03201805,233,No,0
McKinley County,000031,04,35,3504000031,NM,2018,03,05,"May, 2018",0,23766,22365,1401,5.90,,,20180305,03201805,234,No,0
Mora County,000033,04,35,3504000033,NM,2018,03,05,"May, 2018",0,2314,2188,126,5.40,,,20180305,03201805,235,No,0
Otero County,000035,04,35,3504000035,NM,2018,03,05,"May, 2018",0,24635,23620,1015,4.10,,,20180305,03201805,236,No,0
Quay County,000037,04,35,3504000037,NM,2018,03,05,"May, 2018",0,3318,3196,122,3.70,,,20180305,03201805,237,No,0
Rio Arriba County,000039,04,35,3504000039,NM,2018,03,05,"May, 2018",0,16675,15950,725,4.30,,,20180305,03201805,238,No,0
Roosevelt County,000041,04,35,3504000041,NM,2018,03,05,"May, 2018",0,7971,7699,272,3.40,,,20180305,03201805,239,No,0
Sandoval County,000043,04,35,3504000043,NM,2018,03,05,"May, 2018",0,65484,62728,2756,4.20,,,20180305,03201805,240,No,0
San Juan County,000045,04,35,3504000045,NM,2018,03,05,"May, 2018",0,52659,50079,2580,4.90,,,20180305,03201805,241,No,0
San Miguel County,000047,04,35,3504000047,NM,2018,03,05,"May, 2018",0,11100,10535,565,5.10,,,20180305,03201805,242,No,0
Santa Fe County,000049,04,35,3504000049,NM,2018,03,05,"May, 2018",0,74630,71995,2635,3.50,,,20180305,03201805,243,No,0
Sierra County,000051,04,35,3504000051,NM,2018,03,05,"May, 2018",0,3908,3629,279,7.10,,,20180305,03201805,244,No,0
Socorro County,000053,04,35,3504000053,NM,2018,03,05,"May, 2018",0,6432,6162,270,4.20,,,20180305,03201805,245,No,0
Taos County,000055,04,35,3504000055,NM,2018,03,05,"May, 2018",0,14576,13628,948,6.50,,,20180305,03201805,246,No,0
Torrance County,000057,04,35,3504000057,NM,2018,03,05,"May, 2018",0,5535,5166,369,6.70,,,20180305,03201805,247,No,0
Union County,000059,04,35,3504000059,NM,2018,03,05,"May, 2018",0,1801,1753,48,2.70,,,20180305,03201805,248,No,0
Valencia County,000061,04,35,3504000061,NM,2018,03,05,"May, 2018",0,30285,28853,1432,4.70,,,20180305,03201805,249,No,0
Central Region,000005,15,35,3515000005,NM,2018,03,05,"May, 2018",0,430162,412952,17210,4.00,,,20180305,03201805,250,No,0
Southwestern Region,000010,15,35,3515000010,NM,2018,03,05,"May, 2018",0,133274,126140,7134,5.40,,,20180305,03201805,251,No,0
Northern Region,000015,15,35,3515000015,NM,2018,03,05,"May, 2018",0,219010,209046,9964,4.50,,,20180305,03201805,252,No,0
Eastern Region,000020,15,35,3515000020,NM,2018,03,05,"May, 2018",0,159029,153372,5657,3.60,,,20180305,03201805,253,No,0
Albuquerque MSA,010740,21,35,3521010740,NM,2018,03,05,"May, 2018",0,430162,412952,17210,4.00,,,20180305,03201805,254,No,0
Farmington MSA,022140,21,35,3521022140,NM,2018,03,05,"May, 2018",0,52659,50079,2580,4.90,,,20180305,03201805,255,No,0
Las Cruces MSA,029740,21,35,3521029740,NM,2018,03,05,"May, 2018",0,96770,91892,4878,5.00,,,20180305,03201805,256,No,0
Santa Fe MSA,042140,21,35,3521042140,NM,2018,03,05,"May, 2018",0,74630,71995,2635,3.50,,,20180305,03201805,257,No,0
United States,000000,00,00,0000000000,US,2018,03,06,"June, 2018",0,163277000,156465000,6812000,4.20,63.4,60.7,20180306,03201806,258,No,0
New Mexico,000000,01,35,3501000000,NM,2018,03,06,"June, 2018",0,955077,902504,52573,5.50,58.6,55.4,20180306,03201806,259,No,0
Bernalillo County,000001,04,35,3504000001,NM,2018,03,06,"June, 2018",0,333140,316324,16816,5.00,,,20180306,03201806,260,No,0
Catron County,000003,04,35,3504000003,NM,2018,03,06,"June, 2018",0,1155,1084,71,6.10,,,20180306,03201806,261,No,0
Chaves County,000005,04,35,3504000005,NM,2018,03,06,"June, 2018",0,27339,25817,1522,5.60,,,20180306,03201806,262,No,0
Cibola County,000006,04,35,3504000006,NM,2018,03,06,"June, 2018",0,8979,8337,642,7.20,,,20180306,03201806,263,No,0
Colfax County,000007,04,35,3504000007,NM,2018,03,06,"June, 2018",0,6435,6140,295,4.60,,,20180306,03201806,264,No,0
Curry County,000009,04,35,3504000009,NM,2018,03,06,"June, 2018",0,21690,20668,1022,4.70,,,20180306,03201806,265,No,0
De Baca County,000011,04,35,3504000011,NM,2018,03,06,"June, 2018",0,773,734,39,5.00,,,20180306,03201806,266,No,0
Doña Ana County,000013,04,35,3504000013,NM,2018,03,06,"June, 2018",0,96926,90821,6105,6.30,,,20180306,03201806,267,No,0
Eddy County,000015,04,35,3504000015,NM,2018,03,06,"June, 2018",0,31966,30763,1203,3.80,,,20180306,03201806,268,No,0
Grant County,000017,04,35,3504000017,NM,2018,03,06,"June, 2018",0,12343,11689,654,5.30,,,20180306,03201806,269,No,0
Guadalupe County,000019,04,35,3504000019,NM,2018,03,06,"June, 2018",0,1716,1613,103,6.00,,,20180306,03201806,270,No,0
Harding County,000021,04,35,3504000021,NM,2018,03,06,"June, 2018",0,275,257,18,6.50,,,20180306,03201806,271,No,0
Hidalgo County,000023,04,35,3504000023,NM,2018,03,06,"June, 2018",0,2307,2216,91,3.90,,,20180306,03201806,272,No,0
Lea County,000025,04,35,3504000025,NM,2018,03,06,"June, 2018",0,30425,28950,1475,4.80,,,20180306,03201806,273,No,0
Lincoln County,000027,04,35,3504000027,NM,2018,03,06,"June, 2018",0,9131,8691,440,4.80,,,20180306,03201806,274,No,0
Los Alamos County,000028,04,35,3504000028,NM,2018,03,06,"June, 2018",0,9268,8900,368,4.00,,,20180306,03201806,275,No,0
Luna County,000029,04,35,3504000029,NM,2018,03,06,"June, 2018",0,10962,9891,1071,9.80,,,20180306,03201806,276,No,0
McKinley County,000031,04,35,3504000031,NM,2018,03,06,"June, 2018",0,24002,22053,1949,8.10,,,20180306,03201806,277,No,0
Mora County,000033,04,35,3504000033,NM,2018,03,06,"June, 2018",0,2369,2226,143,6.00,,,20180306,03201806,278,No,0
Otero County,000035,04,35,3504000035,NM,2018,03,06,"June, 2018",0,24925,23520,1405,5.60,,,20180306,03201806,279,No,0
Quay County,000037,04,35,3504000037,NM,2018,03,06,"June, 2018",0,3256,3072,184,5.70,,,20180306,03201806,280,No,0
Rio Arriba County,000039,04,35,3504000039,NM,2018,03,06,"June, 2018",0,17124,16169,955,5.60,,,20180306,03201806,281,No,0
Roosevelt County,000041,04,35,3504000041,NM,2018,03,06,"June, 2018",0,7625,7200,425,5.60,,,20180306,03201806,282,No,0
Sandoval County,000043,04,35,3504000043,NM,2018,03,06,"June, 2018",0,66508,62814,3694,5.60,,,20180306,03201806,283,No,0
San Juan County,000045,04,35,3504000045,NM,2018,03,06,"June, 2018",0,53316,49835,3481,6.50,,,20180306,03201806,284,No,0
San Miguel County,000047,04,35,3504000047,NM,2018,03,06,"June, 2018",0,10932,10180,752,6.90,,,20180306,03201806,285,No,0
Santa Fe County,000049,04,35,3504000049,NM,2018,03,06,"June, 2018",0,76023,72592,3431,4.50,,,20180306,03201806,286,No,0
Sierra County,000051,04,35,3504000051,NM,2018,03,06,"June, 2018",0,4236,3951,285,6.70,,,20180306,03201806,287,No,0
Socorro County,000053,04,35,3504000053,NM,2018,03,06,"June, 2018",0,6514,6107,407,6.20,,,20180306,03201806,288,No,0
Taos County,000055,04,35,3504000055,NM,2018,03,06,"June, 2018",0,15093,14039,1054,7.00,,,20180306,03201806,289,No,0
Torrance County,000057,04,35,3504000057,NM,2018,03,06,"June, 2018",0,5630,5169,461,8.20,,,20180306,03201806,290,No,0
Union County,000059,04,35,3504000059,NM,2018,03,06,"June, 2018",0,1851,1781,70,3.80,,,20180306,03201806,291,No,0
Valencia County,000061,04,35,3504000061,NM,2018,03,06,"June, 2018",0,30840,28900,1940,6.30,,,20180306,03201806,292,No,0
Central Region,000005,15,35,3515000005,NM,2018,03,06,"June, 2018",0,436118,413207,22911,5.30,,,20180306,03201806,293,No,0
Southwestern Region,000010,15,35,3515000010,NM,2018,03,06,"June, 2018",0,134443,125759,8684,6.50,,,20180306,03201806,294,No,0
Northern Region,000015,15,35,3515000015,NM,2018,03,06,"June, 2018",0,223541,210471,13070,5.80,,,20180306,03201806,295,No,0
Eastern Region,000020,15,35,3515000020,NM,2018,03,06,"June, 2018",0,160972,153066,7906,4.90,,,20180306,03201806,296,No,0
Albuquerque MSA,010740,21,35,3521010740,NM,2018,03,06,"June, 2018",0,436118,413207,22911,5.30,,,20180306,03201806,297,No,0
Farmington MSA,022140,21,35,3521022140,NM,2018,03,06,"June, 2018",0,53316,49835,3481,6.50,,,20180306,03201806,298,No,0
Las Cruces MSA,029740,21,35,3521029740,NM,2018,03,06,"June, 2018",0,96926,90821,6105,6.30,,,20180306,03201806,299,No,0
Santa Fe MSA,042140,21,35,3521042140,NM,2018,03,06,"June, 2018",0,76023,72592,3431,4.50,,,20180306,03201806,300,No,0
United States,000000,00,00,0000000000,US,2018,03,07,"July, 2018",0,163734000,157004000,6730000,4.10,63.5,60.9,20180307,03201807,301,No,0
New Mexico,000000,01,35,3501000000,NM,2018,03,07,"July, 2018",0,951951,899913,52038,5.50,58.4,55.2,20180307,03201807,302,No,0
Bernalillo County,000001,04,35,3504000001,NM,2018,03,07,"July, 2018",0,332372,315655,16717,5.00,,,20180307,03201807,303,No,0
Catron County,000003,04,35,3504000003,NM,2018,03,07,"July, 2018",0,1171,1098,73,6.20,,,20180307,03201807,304,No,0
Chaves County,000005,04,35,3504000005,NM,2018,03,07,"July, 2018",0,27373,25796,1577,5.80,,,20180307,03201807,305,No,0
Cibola County,000006,04,35,3504000006,NM,2018,03,07,"July, 2018",0,9033,8392,641,7.10,,,20180307,03201807,306,No,0
Colfax County,000007,04,35,3504000007,NM,2018,03,07,"July, 2018",0,6373,6087,286,4.50,,,20180307,03201807,307,No,0
Curry County,000009,04,35,3504000009,NM,2018,03,07,"July, 2018",0,21694,20669,1025,4.70,,,20180307,03201807,308,No,0
De Baca County,000011,04,35,3504000011,NM,2018,03,07,"July, 2018",0,777,739,38,4.90,,,20180307,03201807,309,No,0
Doña Ana County,000013,04,35,3504000013,NM,2018,03,07,"July, 2018",0,96178,90280,5898,6.10,,,20180307,03201807,310,No,0
Eddy County,000015,04,35,3504000015,NM,2018,03,07,"July, 2018",0,32039,30796,1243,3.90,,,20180307,03201807,311,No,0
Grant County,000017,04,35,3504000017,NM,2018,03,07,"July, 2018",0,12173,11520,653,5.40,,,20180307,03201807,312,No,0
Guadalupe County,000019,04,35,3504000019,NM,2018,03,07,"July, 2018",0,1690,1585,105,6.20,,,20180307,03201807,313,No,0
Harding County,000021,04,35,3504000021,NM,2018,03,07,"July, 2018",0,286,270,16,5.60,,,20180307,03201807,314,No,0
Hidalgo County,000023,04,35,3504000023,NM,2018,03,07,"July, 2018",0,2242,2156,86,3.80,,,20180307,03201807,315,No,0
Lea County,000025,04,35,3504000025,NM,2018,03,07,"July, 2018",0,30686,29217,1469,4.80,,,20180307,03201807,316,No,0
Lincoln County,000027,04,35,3504000027,NM,2018,03,07,"July, 2018",0,9266,8826,440,4.70,,,20180307,03201807,317,No,0
Los Alamos County,000028,04,35,3504000028,NM,2018,03,07,"July, 2018",0,9482,9115,367,3.90,,,20180307,03201807,318,No,0
Luna County,000029,04,35,3504000029,NM,2018,03,07,"July, 2018",0,10601,9666,935,8.80,,,20180307,03201807,319,No,0
McKinley County,000031,04,35,3504000031,NM,2018,03,07,"July, 2018",0,23592,21659,1933,8.20,,,20180307,03201807,320,No,0
Mora County,000033,04,35,3504000033,NM,2018,03,07,"July, 2018",0,2332,2196,136,5.80,,,20180307,03201807,321,No,0
Otero County,000035,04,35,3504000035,NM,2018,03,07,"July, 2018",0,24874,23482,1392,5.60,,,20180307,03201807,322,No,0
Quay County,000037,04,35,3504000037,NM,2018,03,07,"July, 2018",0,3249,3067,182,5.60,,,20180307,03201807,323,No,0
Rio Arriba County,000039,04,35,3504000039,NM,2018,03,07,"July, 2018",0,17232,16280,952,5.50,,,20180307,03201807,324,No,0
Roosevelt County,000041,04,35,3504000041,NM,2018,03,07,"July, 2018",0,7613,7175,438,5.80,,,20180307,03201807,325,No,0
Sandoval County,000043,04,35,3504000043,NM,2018,03,07,"July, 2018",0,66364,62641,3723,5.60,,,20180307,03201807,326,No,0
San Juan County,000045,04,35,3504000045,NM,2018,03,07,"July, 2018",0,51636,48218,3418,6.60,,,20180307,03201807,327,No,0
San Miguel County,000047,04,35,3504000047,NM,2018,03,07,"July, 2018",0,10839,10103,736,6.80,,,20180307,03201807,328,No,0
Santa Fe County,000049,04,35,3504000049,NM,2018,03,07,"July, 2018",0,76403,72969,3434,4.50,,,20180307,03201807,329,No,0
Sierra County,000051,04,35,3504000051,NM,2018,03,07,"July, 2018",0,4414,4140,274,6.20,,,20180307,03201807,330,No,0
Socorro County,000053,04,35,3504000053,NM,2018,03,07,"July, 2018",0,6472,6072,400,6.20,,,20180307,03201807,331,No,0
Taos County,000055,04,35,3504000055,NM,2018,03,07,"July, 2018",0,15232,14218,1014,6.70,,,20180307,03201807,332,No,0
Torrance County,000057,04,35,3504000057,NM,2018,03,07,"July, 2018",0,5629,5191,438,7.80,,,20180307,03201807,333,No,0
Union County,000059,04,35,3504000059,NM,2018,03,07,"July, 2018",0,1815,1743,72,4.00,,,20180307,03201807,334,No,0
Valencia County,000061,04,35,3504000061,NM,2018,03,07,"July, 2018",0,30820,28893,1927,6.30,,,20180307,03201807,335,No,0
Central Region,000005,15,35,3515000005,NM,2018,03,07,"July, 2018",0,435185,412380,22805,5.20,,,20180307,03201807,336,No,0
Southwestern Region,000010,15,35,3515000010,NM,2018,03,07,"July, 2018",0,133251,124932,8319,6.20,,,20180307,03201807,337,No,0
Northern Region,000015,15,35,3515000015,NM,2018,03,07,"July, 2018",0,222154,209237,12917,5.80,,,20180307,03201807,338,No,0
Eastern Region,000020,15,35,3515000020,NM,2018,03,07,"July, 2018",0,161362,153365,7997,5.00,,,20180307,03201807,339,No,0
Albuquerque MSA,010740,21,35,3521010740,NM,2018,03,07,"July, 2018",0,435185,412380,22805,5.20,,,20180307,03201807,340,No,0
Farmington MSA,022140,21,35,3521022140,NM,2018,03,07,"July, 2018",0,51636,48218,3418,6.60,,,20180307,03201807,341,No,0
Las Cruces MSA,029740,21,35,3521029740,NM,2018,03,07,"July, 2018",0,96178,90280,5898,6.10,,,20180307,03201807,342,No,0
Santa Fe MSA,042140,21,35,3521042140,NM,2018,03,07,"July, 2018",0,76403,72969,3434,4.50,,,20180307,03201807,343,No,0
United States,000000,00,00,0000000000,US,2018,03,08,"August, 2018",0,161909000,155539000,6370000,3.90,62.7,60.3,20180308,03201808,344,No,0
New Mexico,000000,01,35,3501000000,NM,2018,03,08,"August, 2018",0,944497,896816,47681,5.00,57.9,55.0,20180308,03201808,345,No,0
Bernalillo County,000001,04,35,3504000001,NM,2018,03,08,"August, 2018",0,329102,313394,15708,4.80,,,20180308,03201808,346,No,0
Catron County,000003,04,35,3504000003,NM,2018,03,08,"August, 2018",0,1164,1094,70,6.00,,,20180308,03201808,347,No,0
Chaves County,000005,04,35,3504000005,NM,2018,03,08,"August, 2018",0,27106,25754,1352,5.00,,,20180308,03201808,348,No,0
Cibola County,000006,04,35,3504000006,NM,2018,03,08,"August, 2018",0,9035,8450,585,6.50,,,20180308,03201808,349,No,0
Colfax County,000007,04,35,3504000007,NM,2018,03,08,"August, 2018",0,5887,5614,273,4.60,,,20180308,03201808,350,No,0
Curry County,000009,04,35,3504000009,NM,2018,03,08,"August, 2018",0,21446,20510,936,4.40,,,20180308,03201808,351,No,0
De Baca County,000011,04,35,3504000011,NM,2018,03,08,"August, 2018",0,768,730,38,4.90,,,20180308,03201808,352,No,0
Doña Ana County,000013,04,35,3504000013,NM,2018,03,08,"August, 2018",0,97126,91877,5249,5.40,,,20180308,03201808,353,No,0
Eddy County,000015,04,35,3504000015,NM,2018,03,08,"August, 2018",0,31718,30623,1095,3.50,,,20180308,03201808,354,No,0
Grant County,000017,04,35,3504000017,NM,2018,03,08,"August, 2018",0,12004,11405,599,5.00,,,20180308,03201808,355,No,0
Guadalupe County,000019,04,35,3504000019,NM,2018,03,08,"August, 2018",0,1669,1569,100,6.00,,,20180308,03201808,356,No,0
Harding County,000021,04,35,3504000021,NM,2018,03,08,"August, 2018",0,287,272,15,5.20,,,20180308,03201808,357,No,0
Hidalgo County,000023,04,35,3504000023,NM,2018,03,08,"August, 2018",0,2239,2159,80,3.60,,,20180308,03201808,358,No,0
Lea County,000025,04,35,3504000025,NM,2018,03,08,"August, 2018",0,30305,29007,1298,4.30,,,20180308,03201808,359,No,0
Lincoln County,000027,04,35,3504000027,NM,2018,03,08,"August, 2018",0,9160,8770,390,4.30,,,20180308,03201808,360,No,0
Los Alamos County,000028,04,35,3504000028,NM,2018,03,08,"August, 2018",0,9386,9061,325,3.50,,,20180308,03201808,361,No,0
Luna County,000029,04,35,3504000029,NM,2018,03,08,"August, 2018",0,10366,9507,859,8.30,,,20180308,03201808,362,No,0
McKinley County,000031,04,35,3504000031,NM,2018,03,08,"August, 2018",0,23871,22098,1773,7.40,,,20180308,03201808,363,No,0
Mora County,000033,04,35,3504000033,NM,2018,03,08,"August, 2018",0,2343,2213,130,5.50,,,20180308,03201808,364,No,0
Otero County,000035,04,35,3504000035,NM,2018,03,08,"August, 2018",0,24642,23363,1279,5.20,,,20180308,03201808,365,No,0
Quay County,000037,04,35,3504000037,NM,2018,03,08,"August, 2018",0,3189,3019,170,5.30,,,20180308,03201808,366,No,0
Rio Arriba County,000039,04,35,3504000039,NM,2018,03,08,"August, 2018",0,17000,16132,868,5.10,,,20180308,03201808,367,No,0
Roosevelt County,000041,04,35,3504000041,NM,2018,03,08,"August, 2018",0,7763,7397,366,4.70,,,20180308,03201808,368,No,0
Sandoval County,000043,04,35,3504000043,NM,2018,03,08,"August, 2018",0,65531,62161,3370,5.10,,,20180308,03201808,369,No,0
San Juan County,000045,04,35,3504000045,NM,2018,03,08,"August, 2018",0,51113,48012,3101,6.10,,,20180308,03201808,370,No,0
San Miguel County,000047,04,35,3504000047,NM,2018,03,08,"August, 2018",0,10833,10172,661,6.10,,,20180308,03201808,371,No,0
Santa Fe County,000049,04,35,3504000049,NM,2018,03,08,"August, 2018",0,75656,72443,3213,4.20,,,20180308,03201808,372,No,0
Sierra County,000051,04,35,3504000051,NM,2018,03,08,"August, 2018",0,4340,4081,259,6.00,,,20180308,03201808,373,No,0
Socorro County,000053,04,35,3504000053,NM,2018,03,08,"August, 2018",0,6446,6085,361,5.60,,,20180308,03201808,374,No,0
Taos County,000055,04,35,3504000055,NM,2018,03,08,"August, 2018",0,15131,14185,946,6.30,,,20180308,03201808,375,No,0
Torrance County,000057,04,35,3504000057,NM,2018,03,08,"August, 2018",0,5629,5215,414,7.40,,,20180308,03201808,376,No,0
Union County,000059,04,35,3504000059,NM,2018,03,08,"August, 2018",0,1784,1714,70,3.90,,,20180308,03201808,377,No,0
Valencia County,000061,04,35,3504000061,NM,2018,03,08,"August, 2018",0,30455,28730,1725,5.70,,,20180308,03201808,378,No,0
Central Region,000005,15,35,3515000005,NM,2018,03,08,"August, 2018",0,430717,409500,21217,4.90,,,20180308,03201808,379,No,0
Southwestern Region,000010,15,35,3515000010,NM,2018,03,08,"August, 2018",0,133685,126208,7477,5.60,,,20180308,03201808,380,No,0
Northern Region,000015,15,35,3515000015,NM,2018,03,08,"August, 2018",0,220255,208380,11875,5.40,,,20180308,03201808,381,No,0
Eastern Region,000020,15,35,3515000020,NM,2018,03,08,"August, 2018",0,159837,152728,7109,4.40,,,20180308,03201808,382,No,0
Albuquerque MSA,010740,21,35,3521010740,NM,2018,03,08,"August, 2018",0,430717,409500,21217,4.90,,,20180308,03201808,383,No,0
Farmington MSA,022140,21,35,3521022140,NM,2018,03,08,"August, 2018",0,51113,48012,3101,6.10,,,20180308,03201808,384,No,0
Las Cruces MSA,029740,21,35,3521029740,NM,2018,03,08,"August, 2018",0,97126,91877,5249,5.40,,,20180308,03201808,385,No,0
Santa Fe MSA,042140,21,35,3521042140,NM,2018,03,08,"August, 2018",0,75656,72443,3213,4.20,,,20180308,03201808,386,No,0
United States,000000,00,00,0000000000,US,2018,03,09,"September, 2018",0,161958000,156191000,5766000,3.60,62.7,60.5,20180309,03201809,387,No,0
New Mexico,000000,01,35,3501000000,NM,2018,03,09,"September, 2018",0,945803,900938,44865,4.70,57.9,55.2,20180309,03201809,388,No,0
Bernalillo County,000001,04,35,3504000001,NM,2018,03,09,"September, 2018",0,330544,315778,14766,4.50,,,20180309,03201809,389,No,0
Catron County,000003,04,35,3504000003,NM,2018,03,09,"September, 2018",0,1140,1074,66,5.80,,,20180309,03201809,390,No,0
Chaves County,000005,04,35,3504000005,NM,2018,03,09,"September, 2018",0,27264,25986,1278,4.70,,,20180309,03201809,391,No,0
Cibola County,000006,04,35,3504000006,NM,2018,03,09,"September, 2018",0,8938,8412,526,5.90,,,20180309,03201809,392,No,0
Colfax County,000007,04,35,3504000007,NM,2018,03,09,"September, 2018",0,5288,5032,256,4.80,,,20180309,03201809,393,No,0
Curry County,000009,04,35,3504000009,NM,2018,03,09,"September, 2018",0,21605,20732,873,4.00,,,20180309,03201809,394,No,0
De Baca County,000011,04,35,3504000011,NM,2018,03,09,"September, 2018",0,755,720,35,4.60,,,20180309,03201809,395,No,0
Doña Ana County,000013,04,35,3504000013,NM,2018,03,09,"September, 2018",0,97178,92134,5044,5.20,,,20180309,03201809,396,No,0
Eddy County,000015,04,35,3504000015,NM,2018,03,09,"September, 2018",0,31969,30936,1033,3.20,,,20180309,03201809,397,No,0
Grant County,000017,04,35,3504000017,NM,2018,03,09,"September, 2018",0,12138,11566,572,4.70,,,20180309,03201809,398,No,0
Guadalupe County,000019,04,35,3504000019,NM,2018,03,09,"September, 2018",0,1640,1549,91,5.50,,,20180309,03201809,399,No,0
Harding County,000021,04,35,3504000021,NM,2018,03,09,"September, 2018",0,283,270,13,4.60,,,20180309,03201809,400,No,0
Hidalgo County,000023,04,35,3504000023,NM,2018,03,09,"September, 2018",0,2288,2211,77,3.40,,,20180309,03201809,401,No,0
Lea County,000025,04,35,3504000025,NM,2018,03,09,"September, 2018",0,30514,29290,1224,4.00,,,20180309,03201809,402,No,0
Lincoln County,000027,04,35,3504000027,NM,2018,03,09,"September, 2018",0,8806,8424,382,4.30,,,20180309,03201809,403,No,0
Los Alamos County,000028,04,35,3504000028,NM,2018,03,09,"September, 2018",0,9385,9078,307,3.30,,,20180309,03201809,404,No,0
Luna County,000029,04,35,3504000029,NM,2018,03,09,"September, 2018",0,10226,9411,815,8.00,,,20180309,03201809,405,No,0
McKinley County,000031,04,35,3504000031,NM,2018,03,09,"September, 2018",0,23808,22156,1652,6.90,,,20180309,03201809,406,No,0
Mora County,000033,04,35,3504000033,NM,2018,03,09,"September, 2018",0,2328,2210,118,5.10,,,20180309,03201809,407,No,0
Otero County,000035,04,35,3504000035,NM,2018,03,09,"September, 2018",0,24704,23501,1203,4.90,,,20180309,03201809,408,No,0
Quay County,000037,04,35,3504000037,NM,2018,03,09,"September, 2018",0,3219,3060,159,4.90,,,20180309,03201809,409,No,0
Rio Arriba County,000039,04,35,3504000039,NM,2018,03,09,"September, 2018",0,16939,16122,817,4.80,,,20180309,03201809,410,No,0
Roosevelt County,000041,04,35,3504000041,NM,2018,03,09,"September, 2018",0,7771,7431,340,4.40,,,20180309,03201809,411,No,0
Sandoval County,000043,04,35,3504000043,NM,2018,03,09,"September, 2018",0,65840,62644,3196,4.90,,,20180309,03201809,412,No,0
San Juan County,000045,04,35,3504000045,NM,2018,03,09,"September, 2018",0,52323,49453,2870,5.50,,,20180309,03201809,413,No,0
San Miguel County,000047,04,35,3504000047,NM,2018,03,09,"September, 2018",0,11027,10422,605,5.50,,,20180309,03201809,414,No,0
Santa Fe County,000049,04,35,3504000049,NM,2018,03,09,"September, 2018",0,74463,71467,2996,4.00,,,20180309,03201809,415,No,0
Sierra County,000051,04,35,3504000051,NM,2018,03,09,"September, 2018",0,4273,4027,246,5.80,,,20180309,03201809,416,No,0
Socorro County,000053,04,35,3504000053,NM,2018,03,09,"September, 2018",0,6443,6127,316,4.90,,,20180309,03201809,417,No,0
Taos County,000055,04,35,3504000055,NM,2018,03,09,"September, 2018",0,14853,13940,913,6.10,,,20180309,03201809,418,No,0
Torrance County,000057,04,35,3504000057,NM,2018,03,09,"September, 2018",0,5609,5218,391,7.00,,,20180309,03201809,419,No,0
Union County,000059,04,35,3504000059,NM,2018,03,09,"September, 2018",0,1777,1714,63,3.50,,,20180309,03201809,420,No,0
Valencia County,000061,04,35,3504000061,NM,2018,03,09,"September, 2018",0,30464,28844,1620,5.30,,,20180309,03201809,421,No,0
Central Region,000005,15,35,3515000005,NM,2018,03,09,"September, 2018",0,432457,412484,19973,4.60,,,20180309,03201809,422,No,0
Southwestern Region,000010,15,35,3515000010,NM,2018,03,09,"September, 2018",0,133686,126550,7136,5.30,,,20180309,03201809,423,No,0
Northern Region,000015,15,35,3515000015,NM,2018,03,09,"September, 2018",0,219352,208292,11060,5.00,,,20180309,03201809,424,No,0
Eastern Region,000020,15,35,3515000020,NM,2018,03,09,"September, 2018",0,160307,153613,6694,4.20,,,20180309,03201809,425,No,0
Albuquerque MSA,010740,21,35,3521010740,NM,2018,03,09,"September, 2018",0,432457,412484,19973,4.60,,,20180309,03201809,426,No,0
Farmington MSA,022140,21,35,3521022140,NM,2018,03,09,"September, 2018",0,52323,49453,2870,5.50,,,20180309,03201809,427,No,0
Las Cruces MSA,029740,21,35,3521029740,NM,2018,03,09,"September, 2018",0,97178,92134,5044,5.20,,,20180309,03201809,428,No,0
Santa Fe MSA,042140,21,35,3521042140,NM,2018,03,09,"September, 2018",0,74463,71467,2996,4.00,,,20180309,03201809,429,No,0
United States,000000,00,00,0000000000,US,2018,03,10,"October, 2018",0,162723000,156952000,5771000,3.50,62.9,60.7,20180310,03201810,430,No,0
New Mexico,000000,01,35,3501000000,NM,2018,03,10,"October, 2018",0,952386,906321,46065,4.80,58.3,55.5,20180310,03201810,431,No,0
Bernalillo County,000001,04,35,3504000001,NM,2018,03,10,"October, 2018",0,332824,317681,15143,4.50,,,20180310,03201810,432,No,0
Catron County,000003,04,35,3504000003,NM,2018,03,10,"October, 2018",0,1112,1038,74,6.70,,,20180310,03201810,433,No,0
Chaves County,000005,04,35,3504000005,NM,2018,03,10,"October, 2018",0,27376,26056,1320,4.80,,,20180310,03201810,434,No,0
Cibola County,000006,04,35,3504000006,NM,2018,03,10,"October, 2018",0,9031,8471,560,6.20,,,20180310,03201810,435,No,0
Colfax County,000007,04,35,3504000007,NM,2018,03,10,"October, 2018",0,5337,5070,267,5.00,,,20180310,03201810,436,No,0
Curry County,000009,04,35,3504000009,NM,2018,03,10,"October, 2018",0,21714,20820,894,4.10,,,20180310,03201810,437,No,0
De Baca County,000011,04,35,3504000011,NM,2018,03,10,"October, 2018",0,758,724,34,4.50,,,20180310,03201810,438,No,0
Doña Ana County,000013,04,35,3504000013,NM,2018,03,10,"October, 2018",0,98450,93282,5168,5.20,,,20180310,03201810,439,No,0
Eddy County,000015,04,35,3504000015,NM,2018,03,10,"October, 2018",0,32524,31457,1067,3.30,,,20180310,03201810,440,No,0
Grant County,000017,04,35,3504000017,NM,2018,03,10,"October, 2018",0,12585,11971,614,4.90,,,20180310,03201810,441,No,0
Guadalupe County,000019,04,35,3504000019,NM,2018,03,10,"October, 2018",0,1589,1500,89,5.60,,,20180310,03201810,442,No,0
Harding County,000021,04,35,3504000021,NM,2018,03,10,"October, 2018",0,284,269,15,5.30,,,20180310,03201810,443,No,0
Hidalgo County,000023,04,35,3504000023,NM,2018,03,10,"October, 2018",0,2280,2196,84,3.70,,,20180310,03201810,444,No,0
Lea County,000025,04,35,3504000025,NM,2018,03,10,"October, 2018",0,31030,29795,1235,4.00,,,20180310,03201810,445,No,0
Lincoln County,000027,04,35,3504000027,NM,2018,03,10,"October, 2018",0,8725,8308,417,4.80,,,20180310,03201810,446,No,0
Los Alamos County,000028,04,35,3504000028,NM,2018,03,10,"October, 2018",0,9052,8732,320,3.50,,,20180310,03201810,447,No,0
Luna County,000029,04,35,3504000029,NM,2018,03,10,"October, 2018",0,10025,9195,830,8.30,,,20180310,03201810,448,No,0
McKinley County,000031,04,35,3504000031,NM,2018,03,10,"October, 2018",0,23887,22202,1685,7.10,,,20180310,03201810,449,No,0
Mora County,000033,04,35,3504000033,NM,2018,03,10,"October, 2018",0,2284,2162,122,5.30,,,20180310,03201810,450,No,0
Otero County,000035,04,35,3504000035,NM,2018,03,10,"October, 2018",0,24809,23565,1244,5.00,,,20180310,03201810,451,No,0
Quay County,000037,04,35,3504000037,NM,2018,03,10,"October, 2018",0,3248,3085,163,5.00,,,20180310,03201810,452,No,0
Rio Arriba County,000039,04,35,3504000039,NM,2018,03,10,"October, 2018",0,16605,15764,841,5.10,,,20180310,03201810,453,No,0
Roosevelt County,000041,04,35,3504000041,NM,2018,03,10,"October, 2018",0,7910,7564,346,4.40,,,20180310,03201810,454,No,0
Sandoval County,000043,04,35,3504000043,NM,2018,03,10,"October, 2018",0,66238,63006,3232,4.90,,,20180310,03201810,455,No,0
San Juan County,000045,04,35,3504000045,NM,2018,03,10,"October, 2018",0,52840,49916,2924,5.50,,,20180310,03201810,456,No,0
San Miguel County,000047,04,35,3504000047,NM,2018,03,10,"October, 2018",0,11104,10484,620,5.60,,,20180310,03201810,457,No,0
Santa Fe County,000049,04,35,3504000049,NM,2018,03,10,"October, 2018",0,74680,71569,3111,4.20,,,20180310,03201810,458,No,0
Sierra County,000051,04,35,3504000051,NM,2018,03,10,"October, 2018",0,4374,4115,259,5.90,,,20180310,03201810,459,No,0
Socorro County,000053,04,35,3504000053,NM,2018,03,10,"October, 2018",0,6500,6164,336,5.20,,,20180310,03201810,460,No,0
Taos County,000055,04,35,3504000055,NM,2018,03,10,"October, 2018",0,14828,13901,927,6.30,,,20180310,03201810,461,No,0
Torrance County,000057,04,35,3504000057,NM,2018,03,10,"October, 2018",0,5989,5571,418,7.00,,,20180310,03201810,462,No,0
Union County,000059,04,35,3504000059,NM,2018,03,10,"October, 2018",0,1755,1693,62,3.50,,,20180310,03201810,463,No,0
Valencia County,000061,04,35,3504000061,NM,2018,03,10,"October, 2018",0,30641,28996,1645,5.40,,,20180310,03201810,464,No,0
Central Region,000005,15,35,3515000005,NM,2018,03,10,"October, 2018",0,435692,415254,20438,4.70,,,20180310,03201810,465,No,0
Southwestern Region,000010,15,35,3515000010,NM,2018,03,10,"October, 2018",0,135326,127961,7365,5.40,,,20180310,03201810,466,No,0
Northern Region,000015,15,35,3515000015,NM,2018,03,10,"October, 2018",0,219648,208271,11377,5.20,,,20180310,03201810,467,No,0
Eastern Region,000020,15,35,3515000020,NM,2018,03,10,"October, 2018",0,161722,154836,6886,4.30,,,20180310,03201810,468,No,0
Albuquerque MSA,010740,21,35,3521010740,NM,2018,03,10,"October, 2018",0,435692,415254,20438,4.70,,,20180310,03201810,469,No,0
Farmington MSA,022140,21,35,3521022140,NM,2018,03,10,"October, 2018",0,52840,49916,2924,5.50,,,20180310,03201810,470,No,0
Las Cruces MSA,029740,21,35,3521029740,NM,2018,03,10,"October, 2018",0,98450,93282,5168,5.20,,,20180310,03201810,471,No,0
Santa Fe MSA,042140,21,35,3521042140,NM,2018,03,10,"October, 2018",0,74680,71569,3111,4.20,,,20180310,03201810,472,No,0
United States,000000,00,00,0000000000,US,2018,03,11,"November, 2018",0,162665000,157015000,5650000,3.50,62.9,60.7,20180311,03201811,473,No,0
New Mexico,000000,01,35,3501000000,NM,2018,03,11,"November, 2018",0,956442,911213,45229,4.70,58.5,55.7,20180311,03201811,474,No,0
Bernalillo County,000001,04,35,3504000001,NM,2018,03,11,"November, 2018",0,335177,320615,14562,4.30,,,20180311,03201811,475,No,0
Catron County,000003,04,35,3504000003,NM,2018,03,11,"November, 2018",0,1112,1037,75,6.70,,,20180311,03201811,476,No,0
Chaves County,000005,04,35,3504000005,NM,2018,03,11,"November, 2018",0,27497,26228,1269,4.60,,,20180311,03201811,477,No,0
Cibola County,000006,04,35,3504000006,NM,2018,03,11,"November, 2018",0,9039,8488,551,6.10,,,20180311,03201811,478,No,0
Colfax County,000007,04,35,3504000007,NM,2018,03,11,"November, 2018",0,5182,4907,275,5.30,,,20180311,03201811,479,No,0
Curry County,000009,04,35,3504000009,NM,2018,03,11,"November, 2018",0,21854,20999,855,3.90,,,20180311,03201811,480,No,0
De Baca County,000011,04,35,3504000011,NM,2018,03,11,"November, 2018",0,760,726,34,4.50,,,20180311,03201811,481,No,0
Doña Ana County,000013,04,35,3504000013,NM,2018,03,11,"November, 2018",0,98360,93137,5223,5.30,,,20180311,03201811,482,No,0
Eddy County,000015,04,35,3504000015,NM,2018,03,11,"November, 2018",0,32845,31798,1047,3.20,,,20180311,03201811,483,No,0
Grant County,000017,04,35,3504000017,NM,2018,03,11,"November, 2018",0,12592,11980,612,4.90,,,20180311,03201811,484,No,0
Guadalupe County,000019,04,35,3504000019,NM,2018,03,11,"November, 2018",0,1601,1515,86,5.40,,,20180311,03201811,485,No,0
Harding County,000021,04,35,3504000021,NM,2018,03,11,"November, 2018",0,287,273,14,4.90,,,20180311,03201811,486,No,0
Hidalgo County,000023,04,35,3504000023,NM,2018,03,11,"November, 2018",0,2181,2101,80,3.70,,,20180311,03201811,487,No,0
Lea County,000025,04,35,3504000025,NM,2018,03,11,"November, 2018",0,31158,29982,1176,3.80,,,20180311,03201811,488,No,0
Lincoln County,000027,04,35,3504000027,NM,2018,03,11,"November, 2018",0,8710,8286,424,4.90,,,20180311,03201811,489,No,0
Los Alamos County,000028,04,35,3504000028,NM,2018,03,11,"November, 2018",0,9131,8825,306,3.40,,,20180311,03201811,490,No,0
Luna County,000029,04,35,3504000029,NM,2018,03,11,"November, 2018",0,9747,8589,1158,11.90,,,20180311,03201811,491,No,0
McKinley County,000031,04,35,3504000031,NM,2018,03,11,"November, 2018",0,24179,22527,1652,6.80,,,20180311,03201811,492,No,0
Mora County,000033,04,35,3504000033,NM,2018,03,11,"November, 2018",0,2272,2142,130,5.70,,,20180311,03201811,493,No,0
Otero County,000035,04,35,3504000035,NM,2018,03,11,"November, 2018",0,24963,23772,1191,4.80,,,20180311,03201811,494,No,0
Quay County,000037,04,35,3504000037,NM,2018,03,11,"November, 2018",0,3240,3076,164,5.10,,,20180311,03201811,495,No,0
Rio Arriba County,000039,04,35,3504000039,NM,2018,03,11,"November, 2018",0,16617,15784,833,5.00,,,20180311,03201811,496,No,0
Roosevelt County,000041,04,35,3504000041,NM,2018,03,11,"November, 2018",0,7933,7595,338,4.30,,,20180311,03201811,497,No,0
Sandoval County,000043,04,35,3504000043,NM,2018,03,11,"November, 2018",0,66734,63620,3114,4.70,,,20180311,03201811,498,No,0
San Juan County,000045,04,35,3504000045,NM,2018,03,11,"November, 2018",0,52600,49735,2865,5.40,,,20180311,03201811,499,No,0
San Miguel County,000047,04,35,3504000047,NM,2018,03,11,"November, 2018",0,11112,10502,610,5.50,,,20180311,03201811,500,No,0
Santa Fe County,000049,04,35,3504000049,NM,2018,03,11,"November, 2018",0,75280,72258,3022,4.00,,,20180311,03201811,501,No,0
Sierra County,000051,04,35,3504000051,NM,2018,03,11,"November, 2018",0,4256,3989,267,6.30,,,20180311,03201811,502,No,0
Socorro County,000053,04,35,3504000053,NM,2018,03,11,"November, 2018",0,6533,6195,338,5.20,,,20180311,03201811,503,No,0
Taos County,000055,04,35,3504000055,NM,2018,03,11,"November, 2018",0,15287,14342,945,6.20,,,20180311,03201811,504,No,0
Torrance County,000057,04,35,3504000057,NM,2018,03,11,"November, 2018",0,5689,5291,398,7.00,,,20180311,03201811,505,No,0
Union County,000059,04,35,3504000059,NM,2018,03,11,"November, 2018",0,1739,1681,58,3.30,,,20180311,03201811,506,No,0
Valencia County,000061,04,35,3504000061,NM,2018,03,11,"November, 2018",0,30775,29217,1558,5.10,,,20180311,03201811,507,No,0
Central Region,000005,15,35,3515000005,NM,2018,03,11,"November, 2018",0,438375,418743,19632,4.50,,,20180311,03201811,508,No,0
Southwestern Region,000010,15,35,3515000010,NM,2018,03,11,"November, 2018",0,134781,127028,7753,5.80,,,20180311,03201811,509,No,0
Northern Region,000015,15,35,3515000015,NM,2018,03,11,"November, 2018",0,220699,209510,11189,5.10,,,20180311,03201811,510,No,0
Eastern Region,000020,15,35,3515000020,NM,2018,03,11,"November, 2018",0,162587,155931,6656,4.10,,,20180311,03201811,511,No,0
Albuquerque MSA,010740,21,35,3521010740,NM,2018,03,11,"November, 2018",0,438375,418743,19632,4.50,,,20180311,03201811,512,No,0
Farmington MSA,022140,21,35,3521022140,NM,2018,03,11,"November, 2018",0,52600,49735,2865,5.40,,,20180311,03201811,513,No,0
Las Cruces MSA,029740,21,35,3521029740,NM,2018,03,11,"November, 2018",0,98360,93137,5223,5.30,,,20180311,03201811,514,No,0
Santa Fe MSA,042140,21,35,3521042140,NM,2018,03,11,"November, 2018",0,75280,72258,3022,4.00,,,20180311,03201811,515,No,0
United States,000000,00,00,0000000000,US,2018,03,12,"December, 2018",0,162510000,156481000,6029000,3.70,62.8,60.4,20180312,03201812,516,No,0
New Mexico,000000,01,35,3501000000,NM,2018,03,12,"December, 2018",0,958655,911347,47308,4.90,58.6,55.7,20180312,03201812,517,No,0
Bernalillo County,000001,04,35,3504000001,NM,2018,03,12,"December, 2018",0,335556,320596,14960,4.50,,,20180312,03201812,518,No,0
Catron County,000003,04,35,3504000003,NM,2018,03,12,"December, 2018",0,1088,1007,81,7.40,,,20180312,03201812,519,No,0
Chaves County,000005,04,35,3504000005,NM,2018,03,12,"December, 2018",0,27441,26160,1281,4.70,,,20180312,03201812,520,No,0
Cibola County,000006,04,35,3504000006,NM,2018,03,12,"December, 2018",0,9106,8520,586,6.40,,,20180312,03201812,521,No,0
Colfax County,000007,04,35,3504000007,NM,2018,03,12,"December, 2018",0,5343,5075,268,5.00,,,20180312,03201812,522,No,0
Curry County,000009,04,35,3504000009,NM,2018,03,12,"December, 2018",0,21926,21053,873,4.00,,,20180312,03201812,523,No,0
De Baca County,000011,04,35,3504000011,NM,2018,03,12,"December, 2018",0,762,727,35,4.60,,,20180312,03201812,524,No,0
Doña Ana County,000013,04,35,3504000013,NM,2018,03,12,"December, 2018",0,98643,93024,5619,5.70,,,20180312,03201812,525,No,0
Eddy County,000015,04,35,3504000015,NM,2018,03,12,"December, 2018",0,33230,32173,1057,3.20,,,20180312,03201812,526,No,0
Grant County,000017,04,35,3504000017,NM,2018,03,12,"December, 2018",0,12738,12104,634,5.00,,,20180312,03201812,527,No,0
Guadalupe County,000019,04,35,3504000019,NM,2018,03,12,"December, 2018",0,1590,1504,86,5.40,,,20180312,03201812,528,No,0
Harding County,000021,04,35,3504000021,NM,2018,03,12,"December, 2018",0,285,271,14,4.90,,,20180312,03201812,529,No,0
Hidalgo County,000023,04,35,3504000023,NM,2018,03,12,"December, 2018",0,2119,2036,83,3.90,,,20180312,03201812,530,No,0
Lea County,000025,04,35,3504000025,NM,2018,03,12,"December, 2018",0,31142,29945,1197,3.80,,,20180312,03201812,531,No,0
Lincoln County,000027,04,35,3504000027,NM,2018,03,12,"December, 2018",0,8726,8282,444,5.10,,,20180312,03201812,532,No,0
Los Alamos County,000028,04,35,3504000028,NM,2018,03,12,"December, 2018",0,9176,8869,307,3.30,,,20180312,03201812,533,No,0
Luna County,000029,04,35,3504000029,NM,2018,03,12,"December, 2018",0,9951,8483,1468,14.80,,,20180312,03201812,534,No,0
McKinley County,000031,04,35,3504000031,NM,2018,03,12,"December, 2018",0,24286,22570,1716,7.10,,,20180312,03201812,535,No,0
Mora County,000033,04,35,3504000033,NM,2018,03,12,"December, 2018",0,2336,2192,144,6.20,,,20180312,03201812,536,No,0
Otero County,000035,04,35,3504000035,NM,2018,03,12,"December, 2018",0,25138,23912,1226,4.90,,,20180312,03201812,537,No,0
Quay County,000037,04,35,3504000037,NM,2018,03,12,"December, 2018",0,3271,3106,165,5.00,,,20180312,03201812,538,No,0
Rio Arriba County,000039,04,35,3504000039,NM,2018,03,12,"December, 2018",0,16735,15813,922,5.50,,,20180312,03201812,539,No,0
Roosevelt County,000041,04,35,3504000041,NM,2018,03,12,"December, 2018",0,7781,7442,339,4.40,,,20180312,03201812,540,No,0
Sandoval County,000043,04,35,3504000043,NM,2018,03,12,"December, 2018",0,66852,63613,3239,4.80,,,20180312,03201812,541,No,0
San Juan County,000045,04,35,3504000045,NM,2018,03,12,"December, 2018",0,52514,49414,3100,5.90,,,20180312,03201812,542,No,0
San Miguel County,000047,04,35,3504000047,NM,2018,03,12,"December, 2018",0,10844,10194,650,6.00,,,20180312,03201812,543,No,0
Santa Fe County,000049,04,35,3504000049,NM,2018,03,12,"December, 2018",0,75577,72492,3085,4.10,,,20180312,03201812,544,No,0
Sierra County,000051,04,35,3504000051,NM,2018,03,12,"December, 2018",0,4044,3750,294,7.30,,,20180312,03201812,545,No,0
Socorro County,000053,04,35,3504000053,NM,2018,03,12,"December, 2018",0,6514,6152,362,5.60,,,20180312,03201812,546,No,0
Taos County,000055,04,35,3504000055,NM,2018,03,12,"December, 2018",0,15664,14706,958,6.10,,,20180312,03201812,547,No,0
Torrance County,000057,04,35,3504000057,NM,2018,03,12,"December, 2018",0,5706,5273,433,7.60,,,20180312,03201812,548,No,0
Union County,000059,04,35,3504000059,NM,2018,03,12,"December, 2018",0,1730,1666,64,3.70,,,20180312,03201812,549,No,0
Valencia County,000061,04,35,3504000061,NM,2018,03,12,"December, 2018",0,30842,29225,1617,5.20,,,20180312,03201812,550,No,0
Central Region,000005,15,35,3515000005,NM,2018,03,12,"December, 2018",0,438956,418707,20249,4.60,,,20180312,03201812,551,No,0
Southwestern Region,000010,15,35,3515000010,NM,2018,03,12,"December, 2018",0,135097,126556,8541,6.30,,,20180312,03201812,552,No,0
Northern Region,000015,15,35,3515000015,NM,2018,03,12,"December, 2018",0,221581,209845,11736,5.30,,,20180312,03201812,553,No,0
Eastern Region,000020,15,35,3515000020,NM,2018,03,12,"December, 2018",0,163022,156241,6781,4.20,,,20180312,03201812,554,No,0
Albuquerque MSA,010740,21,35,3521010740,NM,2018,03,12,"December, 2018",0,438956,418707,20249,4.60,,,20180312,03201812,555,No,0
Farmington MSA,022140,21,35,3521022140,NM,2018,03,12,"December, 2018",0,52514,49414,3100,5.90,,,20180312,03201812,556,No,0
Las Cruces MSA,029740,21,35,3521029740,NM,2018,03,12,"December, 2018",0,98643,93024,5619,5.70,,,20180312,03201812,557,No,0
Santa Fe MSA,042140,21,35,3521042140,NM,2018,03,12,"December, 2018",0,75577,72492,3085,4.10,,,20180312,03201812,558,No,0
